,date,actions
0,2020-03-02,[100]
1,2020-03-03,[100]
2,2020-03-04,[100]
3,2020-03-05,[100]
4,2020-03-06,[100]
5,2020-03-09,[18]
6,2020-03-10,[-100]
7,2020-03-11,[100]
8,2020-03-12,[4]
9,2020-03-13,[-100]
10,2020-03-16,[100]
11,2020-03-17,[5]
12,2020-03-18,[-100]
13,2020-03-19,[97]
14,2020-03-20,[-100]
15,2020-03-23,[97]
16,2020-03-24,[-100]
17,2020-03-25,[100]
18,2020-03-26,[2]
19,2020-03-27,[-13]
20,2020-03-30,[13]
21,2020-03-31,[-100]
22,2020-04-01,[100]
23,2020-04-02,[2]
24,2020-04-03,[-100]
25,2020-04-06,[95]
26,2020-04-07,[-75]
27,2020-04-08,[74]
28,2020-04-09,[-100]
29,2020-04-13,[94]
30,2020-04-14,[-100]
31,2020-04-15,[98]
32,2020-04-16,[0]
33,2020-04-17,[0]
34,2020-04-20,[0]
35,2020-04-21,[0]
36,2020-04-22,[0]
37,2020-04-23,[0]
38,2020-04-24,[0]
39,2020-04-27,[0]
40,2020-04-28,[0]
41,2020-04-29,[0]
42,2020-04-30,[0]
43,2020-05-01,[0]
44,2020-05-04,[0]
45,2020-05-05,[0]
46,2020-05-06,[0]
47,2020-05-07,[0]
48,2020-05-08,[0]
49,2020-05-11,[0]
50,2020-05-12,[0]
51,2020-05-13,[0]
52,2020-05-14,[0]
53,2020-05-15,[0]
54,2020-05-18,[0]
55,2020-05-19,[0]
56,2020-05-20,[0]
57,2020-05-21,[0]
58,2020-05-22,[0]
59,2020-05-26,[0]
60,2020-05-27,[0]
61,2020-05-28,[0]
62,2020-05-29,[0]
63,2020-06-01,[0]
64,2020-06-02,[0]
65,2020-06-03,[0]
66,2020-06-04,[0]
67,2020-06-05,[0]
68,2020-06-08,[0]
69,2020-06-09,[0]
70,2020-06-10,[-5]
71,2020-06-11,[5]
72,2020-06-12,[0]
73,2020-06-15,[0]
74,2020-06-16,[0]
75,2020-06-17,[0]
76,2020-06-18,[0]
77,2020-06-19,[0]
78,2020-06-22,[0]
79,2020-06-23,[0]
80,2020-06-24,[0]
81,2020-06-25,[0]
82,2020-06-26,[0]
83,2020-06-29,[0]
84,2020-06-30,[0]
85,2020-07-01,[0]
86,2020-07-02,[0]
87,2020-07-06,[0]
88,2020-07-07,[0]
89,2020-07-08,[0]
90,2020-07-09,[-16]
91,2020-07-10,[16]
92,2020-07-13,[-56]
93,2020-07-14,[56]
94,2020-07-15,[0]
95,2020-07-16,[0]
96,2020-07-17,[0]
97,2020-07-20,[0]
98,2020-07-21,[0]
99,2020-07-22,[0]
100,2020-07-23,[0]
101,2020-07-24,[0]
102,2020-07-27,[0]
103,2020-07-28,[0]
104,2020-07-29,[0]
105,2020-07-30,[0]
106,2020-07-31,[0]
107,2020-08-03,[0]
108,2020-08-04,[0]
109,2020-08-05,[0]
110,2020-08-06,[0]
111,2020-08-07,[0]
112,2020-08-10,[0]
113,2020-08-11,[0]
114,2020-08-12,[0]
115,2020-08-13,[0]
116,2020-08-14,[0]
117,2020-08-17,[0]
118,2020-08-18,[0]
119,2020-08-19,[0]
120,2020-08-20,[0]
121,2020-08-21,[0]
122,2020-08-24,[0]
123,2020-08-25,[0]
124,2020-08-26,[0]
125,2020-08-27,[0]
126,2020-08-28,[0]
127,2020-08-31,[0]
128,2020-09-01,[-18]
129,2020-09-02,[18]
130,2020-09-03,[-64]
131,2020-09-04,[65]
132,2020-09-08,[1]
133,2020-09-09,[-100]
134,2020-09-10,[100]
135,2020-09-11,[2]
136,2020-09-14,[-18]
137,2020-09-15,[18]
138,2020-09-16,[-83]
139,2020-09-17,[85]
140,2020-09-18,[-100]
141,2020-09-21,[99]
142,2020-09-22,[-18]
143,2020-09-23,[19]
144,2020-09-24,[-67]
145,2020-09-25,[65]
146,2020-09-28,[-49]
147,2020-09-29,[50]
148,2020-09-30,[-100]
149,2020-10-01,[97]
150,2020-10-02,[-57]
151,2020-10-05,[56]
152,2020-10-06,[-100]
153,2020-10-07,[97]
154,2020-10-08,[-100]
155,2020-10-09,[96]
156,2020-10-12,[0]
157,2020-10-13,[0]
158,2020-10-14,[0]
159,2020-10-15,[0]
160,2020-10-16,[0]
161,2020-10-19,[0]
162,2020-10-20,[0]
163,2020-10-21,[0]
164,2020-10-22,[-12]
165,2020-10-23,[12]
166,2020-10-26,[-18]
167,2020-10-27,[18]
168,2020-10-28,[-100]
169,2020-10-29,[98]
170,2020-10-30,[-57]
171,2020-11-02,[58]
172,2020-11-03,[-100]
173,2020-11-04,[94]
174,2020-11-05,[-100]
175,2020-11-06,[100]
176,2020-11-09,[-100]
177,2020-11-10,[100]
178,2020-11-11,[3]
179,2020-11-12,[-98]
180,2020-11-13,[97]
181,2020-11-16,[-64]
182,2020-11-17,[64]
183,2020-11-18,[-98]
184,2020-11-19,[97]
185,2020-11-20,[-18]
186,2020-11-23,[18]
187,2020-11-24,[-18]
188,2020-11-25,[18]
189,2020-11-27,[-93]
190,2020-11-30,[94]
191,2020-12-01,[-100]
192,2020-12-02,[100]
193,2020-12-03,[-98]
194,2020-12-04,[98]
195,2020-12-07,[-18]
196,2020-12-08,[18]
197,2020-12-09,[-18]
198,2020-12-10,[18]
199,2020-12-11,[-47]
200,2020-12-14,[47]
201,2020-12-15,[-100]
202,2020-12-16,[97]
203,2020-12-17,[-80]
204,2020-12-18,[81]
205,2020-12-21,[-100]
206,2020-12-22,[99]
207,2020-12-23,[0]
208,2020-12-24,[1]
209,2020-12-28,[-100]
210,2020-12-29,[98]
211,2020-12-30,[-49]
212,2020-12-31,[50]
213,2021-01-04,[-100]
214,2021-01-05,[98]
215,2021-01-06,[-18]
216,2021-01-07,[18]
217,2021-01-08,[-65]
218,2021-01-11,[66]
219,2021-01-12,[-7]
220,2021-01-13,[7]
221,2021-01-14,[-18]
222,2021-01-15,[18]
223,2021-01-19,[-18]
224,2021-01-20,[18]
225,2021-01-21,[-100]
226,2021-01-22,[100]
227,2021-01-25,[-98]
228,2021-01-26,[97]
229,2021-01-27,[-100]
230,2021-01-28,[99]
231,2021-01-29,[-18]
232,2021-02-01,[18]
233,2021-02-02,[-100]
234,2021-02-03,[100]
235,2021-02-04,[1]
236,2021-02-05,[-18]
237,2021-02-08,[18]
238,2021-02-09,[0]
239,2021-02-10,[1]
240,2021-02-11,[-100]
241,2021-02-12,[99]
242,2021-02-16,[-100]
243,2021-02-17,[98]
244,2021-02-18,[0]
245,2021-02-19,[-18]
246,2021-02-22,[19]
247,2021-02-23,[-100]
248,2021-02-24,[100]
249,2021-02-25,[1]
250,2021-02-26,[-100]
251,2021-03-01,[98]
252,2021-03-02,[-100]
253,2021-03-03,[100]
254,2021-03-04,[3]
255,2021-03-05,[-100]
256,2021-03-08,[100]
257,2021-03-09,[1]
258,2021-03-10,[-67]
259,2021-03-11,[66]
260,2021-03-12,[-100]
261,2021-03-15,[100]
262,2021-03-16,[-100]
263,2021-03-17,[98]
264,2021-03-18,[-49]
265,2021-03-19,[48]
266,2021-03-22,[-18]
267,2021-03-23,[18]
268,2021-03-24,[-57]
269,2021-03-25,[58]
270,2021-03-26,[-100]
271,2021-03-29,[99]
272,2021-03-30,[-100]
273,2021-03-31,[98]
274,2021-04-01,[0]
275,2021-04-05,[0]
276,2021-04-06,[0]
277,2021-04-07,[0]
278,2021-04-08,[0]
279,2021-04-09,[-18]
280,2021-04-12,[18]
281,2021-04-13,[-49]
282,2021-04-14,[50]
283,2021-04-15,[-64]
284,2021-04-16,[64]
285,2021-04-19,[-100]
286,2021-04-20,[100]
287,2021-04-21,[1]
288,2021-04-22,[-100]
289,2021-04-23,[98]
290,2021-04-26,[-18]
291,2021-04-27,[18]
292,2021-04-28,[-49]
293,2021-04-29,[49]
294,2021-04-30,[-80]
295,2021-05-03,[82]
296,2021-05-04,[-100]
297,2021-05-05,[100]
298,2021-05-06,[1]
299,2021-05-07,[-100]
300,2021-05-10,[100]
301,2021-05-11,[3]
302,2021-05-12,[-100]
303,2021-05-13,[99]
304,2021-05-14,[-49]
305,2021-05-17,[48]
306,2021-05-18,[-18]
307,2021-05-19,[18]
308,2021-05-20,[-18]
309,2021-05-21,[19]
310,2021-05-24,[-100]
311,2021-05-25,[99]
312,2021-05-26,[-80]
313,2021-05-27,[81]
314,2021-05-28,[-100]
315,2021-06-01,[100]
316,2021-06-02,[-100]
317,2021-06-03,[100]
318,2021-06-04,[1]
319,2021-06-07,[-100]
320,2021-06-08,[98]
321,2021-06-09,[-100]
322,2021-06-10,[97]
323,2021-06-11,[0]
324,2021-06-14,[0]
325,2021-06-15,[0]
326,2021-06-16,[0]
327,2021-06-17,[0]
328,2021-06-18,[0]
329,2021-06-21,[0]
330,2021-06-22,[0]
331,2021-06-23,[0]
332,2021-06-24,[0]
333,2021-06-25,[0]
334,2021-06-28,[-18]
335,2021-06-29,[18]
336,2021-06-30,[-18]
337,2021-07-01,[18]
338,2021-07-02,[-18]
339,2021-07-06,[17]
340,2021-07-07,[0]
341,2021-07-08,[0]
342,2021-07-09,[0]
343,2021-07-12,[0]
344,2021-07-13,[0]
345,2021-07-14,[0]
346,2021-07-15,[0]
347,2021-07-16,[0]
348,2021-07-19,[0]
349,2021-07-20,[0]
350,2021-07-21,[0]
351,2021-07-22,[0]
352,2021-07-23,[0]
353,2021-07-26,[0]
354,2021-07-27,[0]
355,2021-07-28,[0]
356,2021-07-29,[0]
357,2021-07-30,[-7]
358,2021-08-02,[8]
359,2021-08-03,[-100]
360,2021-08-04,[100]
361,2021-08-05,[-100]
362,2021-08-06,[100]
363,2021-08-09,[-18]
364,2021-08-10,[18]
365,2021-08-11,[0]
366,2021-08-12,[0]
367,2021-08-13,[0]
368,2021-08-16,[-18]
369,2021-08-17,[19]
370,2021-08-18,[-100]
371,2021-08-19,[100]
372,2021-08-20,[-67]
373,2021-08-23,[66]
374,2021-08-24,[-100]
375,2021-08-25,[100]
376,2021-08-26,[-100]
377,2021-08-27,[98]
378,2021-08-30,[-49]
379,2021-08-31,[48]
380,2021-09-01,[0]
381,2021-09-02,[0]
382,2021-09-03,[0]
383,2021-09-07,[0]
384,2021-09-08,[0]
385,2021-09-09,[0]
386,2021-09-10,[0]
387,2021-09-13,[0]
388,2021-09-14,[0]
389,2021-09-15,[0]
390,2021-09-16,[0]
391,2021-09-17,[0]
392,2021-09-20,[-7]
393,2021-09-21,[8]
394,2021-09-22,[-100]
395,2021-09-23,[98]
396,2021-09-24,[-18]
397,2021-09-27,[18]
398,2021-09-28,[-18]
399,2021-09-29,[18]
400,2021-09-30,[-18]
401,2021-10-01,[18]
402,2021-10-04,[-8]
403,2021-10-05,[8]
404,2021-10-06,[-18]
405,2021-10-07,[18]
406,2021-10-08,[-64]
407,2021-10-11,[65]
408,2021-10-12,[-100]
409,2021-10-13,[98]
410,2021-10-14,[0]
411,2021-10-15,[0]
412,2021-10-18,[0]
413,2021-10-19,[0]
414,2021-10-20,[0]
415,2021-10-21,[0]
416,2021-10-22,[0]
417,2021-10-25,[0]
418,2021-10-26,[0]
419,2021-10-27,[0]
420,2021-10-28,[0]
421,2021-10-29,[-18]
422,2021-11-01,[19]
423,2021-11-02,[-100]
424,2021-11-03,[97]
425,2021-11-04,[-8]
426,2021-11-05,[8]
427,2021-11-08,[-49]
428,2021-11-09,[48]
429,2021-11-10,[-80]
430,2021-11-11,[80]
431,2021-11-12,[-80]
432,2021-11-15,[79]
433,2021-11-16,[0]
434,2021-11-17,[0]
435,2021-11-18,[0]
436,2021-11-19,[0]
437,2021-11-22,[0]
438,2021-11-23,[-18]
439,2021-11-24,[18]
440,2021-11-26,[-18]
441,2021-11-29,[18]
442,2021-11-30,[-64]
443,2021-12-01,[65]
444,2021-12-02,[-67]
445,2021-12-03,[68]
446,2021-12-06,[-100]
447,2021-12-07,[97]
448,2021-12-08,[-83]
449,2021-12-09,[84]
450,2021-12-10,[-100]
451,2021-12-13,[100]
452,2021-12-14,[1]
453,2021-12-15,[-64]
454,2021-12-16,[66]
455,2021-12-17,[-100]
456,2021-12-20,[100]
457,2021-12-21,[1]
458,2021-12-22,[-49]
459,2021-12-23,[49]
460,2021-12-27,[-64]
461,2021-12-28,[64]
462,2021-12-29,[-100]
463,2021-12-30,[100]
464,2021-12-31,[-100]
465,2022-01-03,[97]
466,2022-01-04,[-18]
467,2022-01-05,[19]
468,2022-01-06,[-100]
469,2022-01-07,[100]
470,2022-01-10,[-100]
471,2022-01-11,[97]
472,2022-01-12,[-18]
473,2022-01-13,[19]
474,2022-01-14,[-100]
475,2022-01-18,[100]
476,2022-01-19,[2]
477,2022-01-20,[-100]
478,2022-01-21,[100]
479,2022-01-24,[6]
480,2022-01-25,[-100]
481,2022-01-26,[100]
482,2022-01-27,[-7]
483,2022-01-28,[7]
484,2022-01-31,[-67]
485,2022-02-01,[66]
486,2022-02-02,[-49]
487,2022-02-03,[53]
488,2022-02-04,[-49]
489,2022-02-07,[49]
490,2022-02-08,[-80]
491,2022-02-09,[80]
492,2022-02-10,[-80]
493,2022-02-11,[83]
494,2022-02-14,[-100]
495,2022-02-15,[99]
496,2022-02-16,[-100]
497,2022-02-17,[100]
498,2022-02-18,[2]
499,2022-02-22,[-100]
500,2022-02-23,[100]
501,2022-02-24,[3]
502,2022-02-25,[-64]
503,2022-02-28,[64]
504,2022-03-01,[-64]
505,2022-03-02,[64]
506,2022-03-03,[-100]
507,2022-03-04,[100]
508,2022-03-07,[1]
509,2022-03-08,[-67]
510,2022-03-09,[65]
511,2022-03-10,[-18]
512,2022-03-11,[18]
513,2022-03-14,[-7]
514,2022-03-15,[7]
515,2022-03-16,[-64]
516,2022-03-17,[62]
517,2022-03-18,[-49]
518,2022-03-21,[49]
519,2022-03-22,[-64]
520,2022-03-23,[65]
521,2022-03-24,[-100]
522,2022-03-25,[99]
523,2022-03-28,[-100]
524,2022-03-29,[99]
525,2022-03-30,[-18]
526,2022-03-31,[19]
527,2022-04-01,[-100]
528,2022-04-04,[97]
529,2022-04-05,[-100]
530,2022-04-06,[100]
531,2022-04-07,[3]
532,2022-04-08,[-100]
533,2022-04-11,[100]
534,2022-04-12,[2]
535,2022-04-13,[-100]
536,2022-04-14,[100]
537,2022-04-18,[2]
538,2022-04-19,[-67]
539,2022-04-20,[69]
540,2022-04-21,[-100]
541,2022-04-22,[100]
542,2022-04-25,[2]
543,2022-04-26,[-10]
544,2022-04-27,[10]
545,2022-04-28,[-18]
546,2022-04-29,[21]
547,2022-05-02,[-10]
548,2022-05-03,[10]
549,2022-05-04,[-10]
550,2022-05-05,[11]
551,2022-05-06,[-58]
552,2022-05-09,[61]
553,2022-05-10,[-18]
554,2022-05-11,[19]
555,2022-05-12,[-100]
556,2022-05-13,[94]
557,2022-05-16,[-44]
558,2022-05-17,[42]
559,2022-05-18,[0]
560,2022-05-19,[0]
561,2022-05-20,[0]
562,2022-05-23,[0]
563,2022-05-24,[0]
564,2022-05-25,[0]
565,2022-05-26,[0]
566,2022-05-27,[0]
567,2022-05-31,[0]
568,2022-06-01,[0]
569,2022-06-02,[0]
570,2022-06-03,[0]
571,2022-06-06,[16]
572,2022-06-07,[0]
573,2022-06-08,[0]
574,2022-06-09,[-22]
575,2022-06-10,[23]
576,2022-06-13,[-37]
577,2022-06-14,[38]
578,2022-06-15,[-44]
579,2022-06-16,[46]
580,2022-06-17,[-44]
581,2022-06-21,[43]
582,2022-06-22,[-40]
583,2022-06-23,[38]
584,2022-06-24,[-36]
585,2022-06-27,[37]
586,2022-06-28,[-25]
587,2022-06-29,[25]
588,2022-06-30,[-26]
589,2022-07-01,[25]
590,2022-07-05,[-12]
591,2022-07-06,[12]
592,2022-07-07,[0]
593,2022-07-08,[0]
594,2022-07-11,[0]
595,2022-07-12,[0]
596,2022-07-13,[0]
597,2022-07-14,[-1]
598,2022-07-15,[1]
599,2022-07-18,[0]
600,2022-07-19,[0]
601,2022-07-20,[0]
602,2022-07-21,[0]
603,2022-07-22,[0]
604,2022-07-25,[0]
605,2022-07-26,[0]
606,2022-07-27,[0]
607,2022-07-28,[0]
608,2022-07-29,[0]
609,2022-08-01,[0]
610,2022-08-02,[0]
611,2022-08-03,[0]
612,2022-08-04,[0]
613,2022-08-05,[0]
614,2022-08-08,[0]
615,2022-08-09,[0]
616,2022-08-10,[0]
617,2022-08-11,[0]
618,2022-08-12,[0]
619,2022-08-15,[0]
620,2022-08-16,[0]
621,2022-08-17,[0]
622,2022-08-18,[0]
623,2022-08-19,[0]
624,2022-08-22,[0]
625,2022-08-23,[0]
626,2022-08-24,[0]
627,2022-08-25,[0]
628,2022-08-26,[0]
629,2022-08-29,[0]
630,2022-08-30,[0]
631,2022-08-31,[0]
632,2022-09-01,[0]
633,2022-09-02,[0]
634,2022-09-06,[0]
635,2022-09-07,[0]
636,2022-09-08,[0]
637,2022-09-09,[0]
638,2022-09-12,[0]
639,2022-09-13,[0]
640,2022-09-14,[0]
641,2022-09-15,[0]
642,2022-09-16,[0]
643,2022-09-19,[0]
644,2022-09-20,[0]
645,2022-09-21,[0]
646,2022-09-22,[0]
647,2022-09-23,[0]
648,2022-09-26,[0]
649,2022-09-27,[0]
650,2022-09-28,[0]
651,2022-09-29,[0]
652,2022-09-30,[0]
653,2022-10-03,[0]
654,2022-10-04,[0]
655,2022-10-05,[0]
656,2022-10-06,[0]
657,2022-10-07,[0]
658,2022-10-10,[0]
659,2022-10-11,[0]
660,2022-10-12,[0]
661,2022-10-13,[0]
662,2022-10-14,[0]
663,2022-10-17,[0]
664,2022-10-18,[0]
665,2022-10-19,[0]
666,2022-10-20,[0]
667,2022-10-21,[0]
668,2022-10-24,[0]
669,2022-10-25,[0]
670,2022-10-26,[0]
671,2022-10-27,[0]
672,2022-10-28,[0]
673,2022-10-31,[0]
674,2022-11-01,[0]
675,2022-11-02,[0]
676,2022-11-03,[0]
677,2022-11-04,[0]
678,2022-11-07,[0]
679,2022-11-08,[0]
680,2022-11-09,[0]
681,2022-11-10,[0]
682,2022-11-11,[0]
683,2022-11-14,[0]
684,2022-11-15,[0]
685,2022-11-16,[0]
686,2022-11-17,[0]
687,2022-11-18,[0]
688,2022-11-21,[0]
689,2022-11-22,[0]
690,2022-11-23,[0]
691,2022-11-25,[0]
692,2022-11-28,[0]
693,2022-11-29,[0]
694,2022-11-30,[0]
695,2022-12-01,[0]
696,2022-12-02,[0]
697,2022-12-05,[0]
698,2022-12-06,[0]
699,2022-12-07,[0]
700,2022-12-08,[0]
701,2022-12-09,[0]
702,2022-12-12,[0]
703,2022-12-13,[0]
704,2022-12-14,[0]
705,2022-12-15,[0]
706,2022-12-16,[0]
707,2022-12-19,[0]
708,2022-12-20,[0]
709,2022-12-21,[0]
710,2022-12-22,[0]
711,2022-12-23,[0]
712,2022-12-27,[0]
713,2022-12-28,[0]
714,2022-12-29,[0]
715,2022-12-30,[0]
716,2023-01-03,[0]
717,2023-01-04,[0]
718,2023-01-05,[0]
719,2023-01-06,[0]
720,2023-01-09,[0]
721,2023-01-10,[0]
722,2023-01-11,[0]
723,2023-01-12,[0]
724,2023-01-13,[0]
725,2023-01-17,[0]
726,2023-01-18,[0]
727,2023-01-19,[0]
728,2023-01-20,[0]
729,2023-01-23,[0]
730,2023-01-24,[0]
731,2023-01-25,[0]
732,2023-01-26,[0]
733,2023-01-27,[0]
734,2023-01-30,[0]
735,2023-01-31,[0]
736,2023-02-01,[0]
737,2023-02-02,[0]
738,2023-02-03,[0]
739,2023-02-06,[0]
740,2023-02-07,[0]
741,2023-02-08,[0]
742,2023-02-09,[0]
743,2023-02-10,[0]
744,2023-02-13,[0]
745,2023-02-14,[0]
746,2023-02-15,[0]
747,2023-02-16,[0]
748,2023-02-17,[0]
749,2023-02-21,[0]
750,2023-02-22,[0]
751,2023-02-23,[0]
752,2023-02-24,[0]
753,2023-02-27,[0]
754,2023-02-28,[0]
755,2023-03-01,[0]
756,2023-03-02,[0]
757,2023-03-03,[0]
758,2023-03-06,[0]
759,2023-03-07,[0]
760,2023-03-08,[0]
761,2023-03-09,[0]
762,2023-03-10,[0]
763,2023-03-13,[0]
764,2023-03-14,[0]
765,2023-03-15,[0]
766,2023-03-16,[0]
767,2023-03-17,[0]
768,2023-03-20,[0]
769,2023-03-21,[0]
770,2023-03-22,[0]
771,2023-03-23,[0]
772,2023-03-24,[0]
773,2023-03-27,[0]
774,2023-03-28,[0]
775,2023-03-29,[0]
776,2023-03-30,[0]
777,2023-03-31,[0]
778,2023-04-03,[0]
779,2023-04-04,[0]
780,2023-04-05,[0]
781,2023-04-06,[0]
782,2023-04-10,[0]
783,2023-04-11,[0]
784,2023-04-12,[0]
785,2023-04-13,[0]
786,2023-04-14,[0]
787,2023-04-17,[0]
788,2023-04-18,[0]
789,2023-04-19,[0]
790,2023-04-20,[0]
791,2023-04-21,[0]
792,2023-04-24,[0]
793,2023-04-25,[0]
794,2023-04-26,[0]
795,2023-04-27,[0]
796,2023-04-28,[0]
797,2023-05-01,[0]
798,2023-05-02,[0]
799,2023-05-03,[0]
800,2023-05-04,[0]
801,2023-05-05,[0]
802,2023-05-08,[0]
803,2023-05-09,[0]
804,2023-05-10,[0]
805,2023-05-11,[0]
806,2023-05-12,[0]
807,2023-05-15,[0]
808,2023-05-16,[0]
809,2023-05-17,[0]
810,2023-05-18,[0]
811,2023-05-19,[0]
812,2023-05-22,[0]
813,2023-05-23,[0]
814,2023-05-24,[0]
815,2023-05-25,[0]
816,2023-05-26,[0]
817,2023-05-30,[0]
818,2023-05-31,[0]
819,2023-06-01,[0]
820,2023-06-02,[0]
821,2023-06-05,[0]
822,2023-06-06,[0]
823,2023-06-07,[0]
824,2023-06-08,[0]
825,2023-06-09,[0]
826,2023-06-12,[0]
827,2023-06-13,[0]
828,2023-06-14,[0]
829,2023-06-15,[0]
830,2023-06-16,[0]
831,2023-06-20,[0]
832,2023-06-21,[0]
833,2023-06-22,[0]
834,2023-06-23,[0]
835,2023-06-26,[0]
836,2023-06-27,[0]
837,2023-06-28,[0]
838,2023-06-29,[0]
839,2023-06-30,[0]
840,2023-07-03,[0]
841,2023-07-05,[0]
842,2023-07-06,[0]
843,2023-07-07,[0]
844,2023-07-10,[0]
845,2023-07-11,[0]
846,2023-07-12,[0]
847,2023-07-13,[0]
848,2023-07-14,[0]
849,2023-07-17,[0]
850,2023-07-18,[0]
851,2023-07-19,[0]
852,2023-07-20,[0]
853,2023-07-21,[0]
854,2023-07-24,[0]
855,2023-07-25,[0]
856,2023-07-26,[0]
857,2023-07-27,[0]
858,2023-07-28,[0]
859,2023-07-31,[0]
860,2023-08-01,[0]
861,2023-08-02,[0]
862,2023-08-03,[0]
863,2023-08-04,[0]
864,2023-08-07,[0]
865,2023-08-08,[0]
866,2023-08-09,[0]
867,2023-08-10,[0]
868,2023-08-11,[0]
869,2023-08-14,[0]
870,2023-08-15,[0]
871,2023-08-16,[0]
872,2023-08-17,[0]
873,2023-08-18,[0]
874,2023-08-21,[0]
875,2023-08-22,[0]
876,2023-08-23,[0]
877,2023-08-24,[0]
878,2023-08-25,[0]
879,2023-08-28,[0]
880,2023-08-29,[0]
881,2023-08-30,[0]
882,2023-08-31,[0]
883,2023-09-01,[0]
884,2023-09-05,[0]
885,2023-09-06,[0]
886,2023-09-07,[0]
887,2023-09-08,[0]
888,2023-09-11,[0]
889,2023-09-12,[0]
890,2023-09-13,[0]
891,2023-09-14,[0]
892,2023-09-15,[0]
893,2023-09-18,[0]
894,2023-09-19,[0]
895,2023-09-20,[0]
896,2023-09-21,[0]
897,2023-09-22,[0]
898,2023-09-25,[0]
899,2023-09-26,[0]
900,2023-09-27,[0]
901,2023-09-28,[0]
902,2023-09-29,[0]
903,2023-10-02,[0]
904,2023-10-03,[0]
905,2023-10-04,[0]
906,2023-10-05,[0]
907,2023-10-06,[0]
908,2023-10-09,[0]
909,2023-10-10,[0]
910,2023-10-11,[0]
911,2023-10-12,[0]
912,2023-10-13,[0]
913,2023-10-16,[0]
914,2023-10-17,[0]
915,2023-10-18,[0]
916,2023-10-19,[0]
917,2023-10-20,[0]
918,2023-10-23,[0]
919,2023-10-24,[0]
920,2023-10-25,[0]
921,2023-10-26,[0]
922,2023-10-27,[0]
923,2023-10-30,[0]
924,2023-10-31,[0]
925,2023-11-01,[0]
926,2023-11-02,[0]
927,2023-11-03,[0]
928,2023-11-06,[0]
929,2023-11-07,[0]
930,2023-11-08,[0]
931,2023-11-09,[0]
932,2023-11-10,[0]
933,2023-11-13,[0]
934,2023-11-14,[0]
935,2023-11-15,[0]
936,2023-11-16,[0]
937,2023-11-17,[0]
938,2023-11-20,[0]
939,2023-11-21,[0]
940,2023-11-22,[0]
941,2023-11-24,[0]
942,2023-11-27,[0]
943,2023-11-28,[0]
944,2023-11-29,[0]
945,2023-11-30,[0]
946,2023-12-01,[0]
947,2023-12-04,[0]
948,2023-12-05,[0]
949,2023-12-06,[0]
950,2023-12-07,[0]
951,2023-12-08,[0]
952,2023-12-11,[0]
953,2023-12-12,[0]
954,2023-12-13,[0]
955,2023-12-14,[0]
956,2023-12-15,[0]
957,2023-12-18,[0]
958,2023-12-19,[0]
959,2023-12-20,[0]
960,2023-12-21,[0]
961,2023-12-22,[0]
962,2023-12-26,[0]
963,2023-12-27,[0]
964,2023-12-28,[0]
965,2023-12-29,[0]
966,2024-01-02,[0]
967,2024-01-03,[0]
968,2024-01-04,[0]
969,2024-01-05,[0]
970,2024-01-08,[0]
971,2024-01-09,[0]
972,2024-01-10,[0]
973,2024-01-11,[0]
974,2024-01-12,[0]
975,2024-01-16,[0]
976,2024-01-17,[0]
977,2024-01-18,[0]
978,2024-01-19,[0]
979,2024-01-22,[0]
980,2024-01-23,[0]
981,2024-01-24,[0]
982,2024-01-25,[0]
983,2024-01-26,[0]
984,2024-01-29,[0]
985,2024-01-30,[0]
986,2024-01-31,[0]
987,2024-02-01,[0]
988,2024-02-02,[0]
989,2024-02-05,[0]
990,2024-02-06,[0]
991,2024-02-07,[0]
992,2024-02-08,[0]
993,2024-02-09,[0]
994,2024-02-12,[0]
995,2024-02-13,[0]
996,2024-02-14,[0]
997,2024-02-15,[0]
998,2024-02-16,[0]
999,2024-02-20,[0]
1000,2024-02-21,[0]
1001,2024-02-22,[0]
1002,2024-02-23,[0]
1003,2024-02-26,[0]
1004,2024-02-27,[0]
1005,2024-02-28,[0]
1006,2024-02-29,[0]
1007,2024-03-01,[0]
1008,2024-03-04,[0]
1009,2024-03-05,[0]
1010,2024-03-06,[0]
1011,2024-03-07,[0]
1012,2024-03-08,[0]
1013,2024-03-11,[0]
1014,2024-03-12,[0]
1015,2024-03-13,[0]
1016,2024-03-14,[0]
1017,2024-03-15,[0]
1018,2024-03-18,[0]
1019,2024-03-19,[0]
1020,2024-03-20,[0]
1021,2024-03-21,[0]
1022,2024-03-22,[0]
1023,2024-03-25,[0]
1024,2024-03-26,[0]
1025,2024-03-27,[0]
1026,2024-03-28,[0]
1027,2024-04-01,[0]
1028,2024-04-02,[0]
1029,2024-04-03,[0]
1030,2024-04-04,[0]
1031,2024-04-05,[0]
1032,2024-04-08,[0]
1033,2024-04-09,[0]
1034,2024-04-10,[0]
1035,2024-04-11,[0]
1036,2024-04-12,[0]
1037,2024-04-15,[0]
1038,2024-04-16,[0]
1039,2024-04-17,[0]
1040,2024-04-18,[0]
1041,2024-04-19,[0]
1042,2024-04-22,[0]
1043,2024-04-23,[0]
1044,2024-04-24,[0]
1045,2024-04-25,[0]
1046,2024-04-26,[0]
1047,2024-04-29,[0]
1048,2024-04-30,[0]
1049,2024-05-01,[0]
1050,2024-05-02,[0]
1051,2024-05-03,[0]
1052,2024-05-06,[0]
1053,2024-05-07,[0]
1054,2024-05-08,[0]
1055,2024-05-09,[0]
1056,2024-05-10,[0]
1057,2024-05-13,[0]
1058,2024-05-14,[0]
1059,2024-05-15,[0]
1060,2024-05-16,[0]
1061,2024-05-17,[0]
1062,2024-05-20,[0]
1063,2024-05-21,[0]
1064,2024-05-22,[0]
1065,2024-05-23,[0]
1066,2024-05-24,[0]
1067,2024-05-28,[0]
1068,2024-05-29,[0]
1069,2024-05-30,[0]
1070,2024-05-31,[0]
1071,2024-06-03,[0]
1072,2024-06-04,[0]
1073,2024-06-05,[0]
1074,2024-06-06,[0]
1075,2024-06-07,[0]
1076,2024-06-10,[0]
1077,2024-06-11,[0]
1078,2024-06-12,[0]
1079,2024-06-13,[0]
1080,2024-06-14,[0]
1081,2024-06-17,[0]
1082,2024-06-18,[0]
1083,2024-06-20,[0]
1084,2024-06-21,[0]
1085,2024-06-24,[0]
1086,2024-06-25,[0]
1087,2024-06-26,[0]
1088,2024-06-27,[0]
1089,2024-06-28,[0]
1090,2024-07-01,[0]
1091,2024-07-02,[0]
1092,2024-07-03,[0]
1093,2024-07-05,[0]
1094,2024-07-08,[0]
1095,2024-07-09,[0]
1096,2024-07-10,[0]
1097,2024-07-11,[0]
1098,2024-07-12,[0]
1099,2024-07-15,[0]
1100,2024-07-16,[0]
1101,2024-07-17,[0]
1102,2024-07-18,[0]
1103,2024-07-19,[0]
1104,2024-07-22,[0]
1105,2024-07-23,[0]
1106,2024-07-24,[0]
1107,2024-07-25,[0]
1108,2024-07-26,[0]
1109,2024-07-29,[0]
1110,2024-07-30,[0]
1111,2024-07-31,[0]
1112,2024-08-01,[0]
1113,2024-08-02,[0]
1114,2024-08-05,[0]
1115,2024-08-06,[0]
1116,2024-08-07,[0]
1117,2024-08-08,[0]
1118,2024-08-09,[0]
1119,2024-08-12,[0]
1120,2024-08-13,[0]
1121,2024-08-14,[0]
1122,2024-08-15,[0]
1123,2024-08-16,[0]
1124,2024-08-19,[0]
1125,2024-08-20,[0]
1126,2024-08-21,[0]
1127,2024-08-22,[0]
1128,2024-08-23,[0]
1129,2024-08-26,[0]
1130,2024-08-27,[0]
1131,2024-08-28,[0]
1132,2024-08-29,[0]
1133,2024-08-30,[0]
1134,2024-09-03,[0]
1135,2024-09-04,[0]
1136,2024-09-05,[0]
1137,2024-09-06,[0]
1138,2024-09-09,[0]
1139,2024-09-10,[0]
1140,2024-09-11,[0]
1141,2024-09-12,[0]
1142,2024-09-13,[0]
1143,2024-09-16,[0]
1144,2024-09-17,[0]
1145,2024-09-18,[0]
1146,2024-09-19,[0]
1147,2024-09-20,[0]
1148,2024-09-23,[0]
1149,2024-09-24,[0]
1150,2024-09-25,[0]
1151,2024-09-26,[0]
1152,2024-09-27,[0]
1153,2024-09-30,[0]
1154,2024-10-01,[0]
1155,2024-10-02,[0]
1156,2024-10-03,[0]
1157,2024-10-04,[0]
1158,2024-10-07,[0]
1159,2024-10-08,[0]
1160,2024-10-09,[0]
1161,2024-10-10,[0]
1162,2024-10-11,[0]
1163,2024-10-14,[0]
1164,2024-10-15,[0]
1165,2024-10-16,[0]
1166,2024-10-17,[0]
1167,2024-10-18,[0]
1168,2024-10-21,[0]
1169,2024-10-22,[0]
1170,2024-10-23,[0]
1171,2024-10-24,[0]
1172,2024-10-25,[0]
1173,2024-10-28,[0]
1174,2024-10-29,[0]
1175,2024-10-30,[0]
1176,2024-10-31,[0]
1177,2024-11-01,[0]
1178,2024-11-04,[0]
1179,2024-11-05,[0]
1180,2024-11-06,[0]
1181,2024-11-07,[0]
1182,2024-11-08,[0]
1183,2024-11-11,[0]
1184,2024-11-12,[0]
1185,2024-11-13,[0]
1186,2024-11-14,[0]
1187,2024-11-15,[0]
1188,2024-11-18,[0]
1189,2024-11-19,[0]
1190,2024-11-20,[0]
1191,2024-11-21,[0]
1192,2024-11-22,[0]
1193,2024-11-25,[0]
1194,2024-11-26,[0]
1195,2024-11-27,[0]
1196,2024-11-29,[0]
1197,2024-12-02,[0]
1198,2024-12-03,[0]
1199,2024-12-04,[0]
1200,2024-12-05,[0]
1201,2024-12-06,[0]
1202,2024-12-09,[0]
1203,2024-12-10,[0]
1204,2024-12-11,[0]
1205,2024-12-12,[0]
1206,2024-12-13,[0]
1207,2024-12-16,[0]
1208,2024-12-17,[0]
1209,2024-12-18,[0]
1210,2024-12-19,[0]
1211,2024-12-20,[0]
1212,2024-12-23,[0]
1213,2024-12-24,[0]
1214,2024-12-26,[0]
1215,2024-12-27,[0]
1216,2024-12-30,[0]
1217,2024-12-31,[0]
1218,2025-01-02,[0]
1219,2025-01-03,[0]
1220,2025-01-06,[0]
1221,2025-01-07,[0]
1222,2025-01-08,[0]
1223,2025-01-10,[0]
1224,2025-01-13,[0]
1225,2025-01-14,[0]
1226,2025-01-15,[0]
1227,2025-01-16,[0]
1228,2025-01-17,[0]
1229,2025-01-21,[0]
1230,2025-01-22,[0]
1231,2025-01-23,[0]
1232,2025-01-24,[0]
1233,2025-01-27,[0]
1234,2025-01-28,[0]
1235,2025-01-29,[0]
1236,2025-01-30,[0]
1237,2025-01-31,[0]
1238,2025-02-03,[0]
1239,2025-02-04,[0]
1240,2025-02-05,[0]
1241,2025-02-06,[0]
1242,2025-02-07,[0]
1243,2025-02-10,[0]
1244,2025-02-11,[0]
1245,2025-02-12,[0]
1246,2025-02-13,[0]
1247,2025-02-14,[0]
1248,2025-02-18,[0]
1249,2025-02-19,[0]
1250,2025-02-20,[0]
1251,2025-02-21,[0]
1252,2025-02-24,[0]
1253,2025-02-25,[0]
1254,2025-02-26,[0]
1255,2025-02-27,[0]
